Test Trajectory,Learner Trajectory,Test Actions,Learner Actions,Test Rewards,Learner Rewards,Test Return,Learner Return
217_222_243_235_251_232_230_192_264_269_272_275_326,217_222_243_235_251_232_230_192_264_269_270,1.0_1.0_0.0_0.0_0.0_0.0_0.0_0.0_0.0_1.0_0.0_1.0,1.0_1.0_0.0_0.0_0.0_0.0_0.0_0.0_0.0_0.0,1.1039022207260132_1.1070034503936768_1.0498707294464111_1.1514649391174316_1.1491708755493164_1.152915358543396_1.4717525243759155_1.1589657068252563_1.1521166563034058_1.109928011894226_1.1420934200286865_1.2339370250701904,1.1040147542953491_1.1071891784667969_1.050559401512146_1.1508562564849854_1.1487796306610107_1.152322769165039_1.4685070514678955_1.1590405702590942_1.1514084339141846_1.2498842477798462,13.983120918273926,11.742562294006348
