Test Trajectory,Learner Trajectory,Test Actions,Learner Actions,Test Rewards,Learner Rewards,Test Return,Learner Return
217_222_243_235_251_232_230_192_264_269_272_275_326,217_222_243_235_251_232_230_192_264_269_272_275_326,1.0_1.0_0.0_0.0_0.0_0.0_0.0_0.0_0.0_1.0_0.0_1.0,1.0_1.0_0.0_0.0_0.0_0.0_0.0_0.0_0.0_1.0_0.0_1.0,1.1044206619262695_1.1049166917800903_1.0998094081878662_1.1309503316879272_1.1297847032546997_1.131515622138977_1.4179925918579102_1.13628351688385_1.1325078010559082_1.1032593250274658_1.1299793720245361_1.1487590074539185,1.1044206619262695_1.1049166917800903_1.0998094081878662_1.1309503316879272_1.1297847032546997_1.131515622138977_1.4179925918579102_1.13628351688385_1.1325078010559082_1.1032593250274658_1.1299793720245361_1.1487590074539185,13.770179033279419,13.770179033279419
