shortest_distance,number_of_links,number_of_left_turn,number_of_right_turn,number_of_u_turn,freq_road_type_1,freq_road_type_2,freq_road_type_3,freq_road_type_4,freq_road_type_5,freq_road_type_6
0.0036760340063891326,-0.004332993009550725,0.0,-0.002016626032994271,0.0,0.0006501576659894798,0.0024833445629144284,0.0018472515250052034,-0.0058453230831529025,0.0,0.002436248269867489
0.0022524508321076224,-0.004023592708324588,0.0,0.0,0.0,0.0006687152060653306,0.0,0.0020693411245084445,-0.0015808077456848264,0.0,0.0008498605516965301
