Iteration,Elapsed Time,Discriminator Loss,Value Loss,Policy Loss,Edit Distance,Best Edit Distance
10,384.8554210662842,1.4009159803390503,1905.857803106308,-1.7028408339247108,1.0,1.0
